{
    "$schema": "https://schema.management.azure.com/schemas/2019-04-01/deploymentTemplate.json#",
    "contentVersion": "1.0.0.0",
    "parameters": {
        "vaults_MountADLStoDatabricks_name": {
            "defaultValue": "MountADLStoDatabricks",
            "type": "String"
        }
    },
    "variables": {},
    "resources": [
        {
            "type": "Microsoft.KeyVault/vaults",
            "apiVersion": "2024-12-01-preview",
            "name": "[parameters('vaults_MountADLStoDatabricks_name')]",
            "location": "westus2",
            "properties": {
                "sku": {
                    "family": "A",
                    "name": "standard"
                },
                "tenantId": "0e46b9cd-f9de-44e6-8720-1e792845704b",
                "networkAcls": {
                    "bypass": "AzureServices",
                    "defaultAction": "Deny",
                    "ipRules": [],
                    "virtualNetworkRules": []
                },
                "accessPolicies": [
                    {
                        "tenantId": "0e46b9cd-f9de-44e6-8720-1e792845704b",
                        "objectId": "1540834c-5d93-4b63-aa03-56642c98c8d6",
                        "permissions": {
                            "keys": [],
                            "secrets": [
                                "Get",
                                "List"
                            ],
                            "certificates": []
                        }
                    }
                ],
                "enabledForDeployment": false,
                "enabledForDiskEncryption": false,
                "enabledForTemplateDeployment": false,
                "enableSoftDelete": true,
                "softDeleteRetentionInDays": 90,
                "enableRbacAuthorization": false,
                "vaultUri": "https://mountadlstodatabricks.vault.azure.net/",
                "provisioningState": "Succeeded",
                "publicNetworkAccess": "Enabled"
            }
        },
        {
            "type": "Microsoft.KeyVault/vaults/secrets",
            "apiVersion": "2024-12-01-preview",
            "name": "[concat(parameters('vaults_MountADLStoDatabricks_name'), '/ADLStoDatabricks')]",
            "location": "westus2",
            "dependsOn": [
                "[resourceId('Microsoft.KeyVault/vaults', parameters('vaults_MountADLStoDatabricks_name'))]"
            ],
            "properties": {
                "attributes": {
                    "enabled": true
                }
            }
        }
    ]
}