{
    "$schema": "https://schema.management.azure.com/schemas/2019-04-01/deploymentTemplate.json#",
    "contentVersion": "1.0.0.0",
    "parameters": {
        "workspaces_delta_databricks_name": {
            "defaultValue": "delta-databricks",
            "type": "String"
        }
    },
    "variables": {},
    "resources": [
        {
            "type": "Microsoft.Databricks/workspaces",
            "apiVersion": "2025-03-01-preview",
            "name": "[parameters('workspaces_delta_databricks_name')]",
            "location": "westus2",
            "sku": {
                "name": "standard"
            },
            "properties": {
                "managedResourceGroupId": "[concat('/subscriptions/3d9c494f-bcc0-42c2-832b-8b0002fa87b0/resourceGroups/databricks-rg-', parameters('workspaces_delta_databricks_name'), '-4jfh2wuuqzmcg')]",
                "parameters": {
                    "enableNoPublicIp": {
                        "value": true
                    },
                    "prepareEncryption": {
                        "value": false
                    },
                    "requireInfrastructureEncryption": {
                        "value": false
                    },
                    "storageAccountName": {
                        "value": "dbstoragebhurnzfdpdymc"
                    },
                    "storageAccountSkuName": {
                        "value": "Standard_GRS"
                    }
                },
                "authorizations": [
                    {
                        "principalId": "9a74af6f-d153-4348-988a-e2672920bee9",
                        "roleDefinitionId": "8e3af657-a8ff-443c-a75c-2fe8c4bcb635"
                    }
                ],
                "createdBy": {},
                "updatedBy": {}
            }
        }
    ]
}