{
    "$schema": "https://schema.management.azure.com/schemas/2015-01-01/deploymentParameters.json#",
    "contentVersion": "1.0.0.0",
    "parameters": {
        "factoryName": {
            "value": "LakehouseADF-delta"
        },
        "ADFtoDatabricks_accessToken": {
            "value": ""
        },
        "ADFtoDatabricks_properties_typeProperties_existingClusterId": {
            "value": "0811-142948-owur4r03"
        },
        "containerUri": {
            "value": ""
        },
        "containerSasToken": {
            "value": ""
        }
    }
}